"","OID_","CharacteristicName","ResultSampleFractionText","ResultMeasureValue","SiteID","y_pred","C1","C2","C3"
"4",1518,"As","Dissolved",1,259546,"C1",0.963563024997711,0.0176572185009718,0.0187797378748655
"7",1165,"As","Dissolved",1,52090,"C1",0.949155211448669,0.0155222769826651,0.0353225544095039
"19",1229,"As","Dissolved",1,270136,"C1",0.975571632385254,0.0121592553332448,0.0122690396383405
"21",855,"As","Dissolved",0,268809,"C1",0.971920371055603,0.012498963624239,0.0155806951224804
"28",1378,"As","Dissolved",2,246987,"C1",0.986206233501434,0.00681982655078173,0.00697400094941258
"36",1524,"As","Dissolved",0,247191,"C1",0.990274667739868,0.00522675784304738,0.00449856836348772
"40",1243,"As","Dissolved",0,270192,"C1",0.979415535926819,0.00961381383240223,0.0109706595540047
"44",1666,"As","Dissolved",0,247384,"C1",0.973731935024261,0.00782828684896231,0.0184397734701633
"59",1888,"As","Dissolved",26.7,152467,"C1",0.488790839910507,0.0958164185285568,0.415392726659775
"61",1452,"As","Dissolved",9.4,264584,"C2",0.0852105095982552,0.495416015386581,0.419373452663422
"64",539,"As","Dissolved",9.4,8183,"C2",0.103504501283169,0.857819020748138,0.038676455616951
"92",1580,"As","Dissolved",31.1,264843,"C3",0.401616543531418,0.127907752990723,0.47047570347786
"94",2003,"As","Dissolved",7,151389,"C1",0.494884431362152,0.467081725597382,0.0380338989198208
"98",982,"As","Dissolved",3,51268,"C1",0.788162112236023,0.0241236817091703,0.187714174389839
"101",600,"As","Dissolved",25.7,154839,"C3",0.130365043878555,0.081100158393383,0.788534760475159
"102",1873,"As","Dissolved",2.5,152958,"C1",0.580395221710205,0.112796671688557,0.306808114051819
"103",1837,"As","Dissolved",0.09,255939,"C1",0.812761723995209,0.0495954044163227,0.13764289021492
"111",788,"As","Dissolved",5.9,8360,"C1",0.786033451557159,0.114768698811531,0.0991978868842125
"117",1363,"As","Dissolved",1,246936,"C1",0.98301237821579,0.00794942118227482,0.00903816893696785
"122",1855,"As","Dissolved",0,153390,"C1",0.968101918697357,0.0144249368458986,0.0174730941653252
"124",1964,"As","Dissolved",1,150668,"C1",0.852570533752441,0.110454313457012,0.0369750931859016
"125",838,"As","Dissolved",0,268764,"C1",0.966964900493622,0.0105005893856287,0.0225345324724913
"138",1681,"As","Dissolved",16,261623,"C2",0.429770022630692,0.454589635133743,0.115640386939049
"139",43,"As","Dissolved",2,7559,"C1",0.837210834026337,0.0475475452840328,0.115241654217243
"143",1999,"As","Dissolved",0,151309,"C1",0.906015872955322,0.0717960223555565,0.0221880711615086
"149",1448,"As","Dissolved",0,247091,"C1",0.846873164176941,0.0338309444487095,0.11929589509964
"157",407,"As","Dissolved",5,54059,"C1",0.499261230230331,0.448099613189697,0.0526391118764877
"181",1079,"As","Dissolved",2,269639,"C1",0.942673563957214,0.0300424303859472,0.0272839404642582
"183",1737,"As","Dissolved",0.45,257769,"C1",0.966116070747375,0.0201044641435146,0.0137794334441423
"185",1709,"As","Dissolved",0.09,261931,"C1",0.921295762062073,0.0401247851550579,0.0385794341564178
"199",459,"As","Dissolved",28,48972,"C1",0.830564975738525,0.13532343506813,0.0341116227209568
"207",62,"As","Dissolved",2,41336,"C1",0.648774206638336,0.0304961707442999,0.320729583501816
"208",234,"As","Dissolved",2,7933,"C1",0.787217199802399,0.182768702507019,0.0300140883773565
"215",725,"As","Dissolved",5,50258,"C2",0.241428017616272,0.658588588237762,0.099983386695385
"216",415,"As","Dissolved",6.5,48737,"C2",0.44797220826149,0.521309494972229,0.0307183098047972
"229",1725,"As","Dissolved",93.1,257423,"C3",0.118879556655884,0.0485790967941284,0.832541286945343
"232",1711,"As","Dissolved",4.3,257167,"C1",0.919369220733643,0.0330701544880867,0.0475606620311737
"239",1444,"As","Dissolved",0,247075,"C1",0.986753284931183,0.00666998280212283,0.0065766959451139
"240",143,"As","Dissolved",0,43352,"C1",0.469113975763321,0.45165166258812,0.0792343243956566
"251",546,"As","Dissolved",2,49281,"C1",0.959995865821838,0.0267796274274588,0.0132245328277349
"271",331,"As","Dissolved",0,47222,"C1",0.96867710351944,0.0148747423663735,0.0164481569081545
"275",1143,"As","Dissolved",13.5,51960,"C1",0.92475825548172,0.0400572158396244,0.0351844877004623
"283",561,"As","Dissolved",3.4,8194,"C1",0.963502466678619,0.0170144606381655,0.0194830428808928
"291",1829,"As","Dissolved",20,253133,"C1",0.754855811595917,0.0340408757328987,0.211103245615959
"293",364,"As","Dissolved",1.1,271608,"C1",0.967306196689606,0.0132412547245622,0.0194525104016066
"295",584,"As","Dissolved",1.3,270977,"C1",0.928816080093384,0.0137826893478632,0.057401180267334
"297",1200,"As","Dissolved",0,269989,"C1",0.86311012506485,0.117733150720596,0.0191567577421665
"305",300,"As","Dissolved",5.5,46706,"C1",0.551424324512482,0.376682728528976,0.0718929097056389
"317",1023,"As","Dissolved",0,51401,"C1",0.972137093544006,0.0115684447810054,0.0162944365292788
"321",1817,"As","Dissolved",12,255817,"C1",0.779600143432617,0.0339850895106792,0.186414793133736
"322",1369,"As","Dissolved",2,259423,"C1",0.962252676486969,0.0167236924171448,0.0210235882550478
"323",1322,"As","Dissolved",70,52688,"C3",0.207822799682617,0.053039226680994,0.739137947559357
"325",844,"As","Dissolved",10.2,8404,"C3",0.0571676082909107,0.142038434743881,0.800793945789337
"330",1575,"As","Dissolved",1,247275,"C1",0.985280454158783,0.00745139690116048,0.00726808235049248
"338",1055,"As","Dissolved",2,269582,"C1",0.965923368930817,0.0211616028100252,0.012915032915771
"342",1608,"As","Dissolved",0,247311,"C1",0.984588205814362,0.00630690110847354,0.0091048963367939
"343",938,"As","Dissolved",0,51132,"C1",0.869660258293152,0.0734990313649178,0.056840755045414
"344",1678,"As","Dissolved",0,247416,"C1",0.988323032855988,0.00506878132000566,0.00660826126113534
"361",879,"As","Dissolved",47.6,50885,"C3",0.0819746032357216,0.0236048325896263,0.894420623779297
"362",1324,"As","Dissolved",50,52693,"C3",0.222814917564392,0.057349544018507,0.719835579395294
"363",1647,"As","Dissolved",1,247359,"C1",0.987329959869385,0.00651323655620217,0.00615685386583209
"366",327,"As","Dissolved",5.1,47149,"C1",0.971511125564575,0.0131547516211867,0.0153340771794319
"368",1057,"As","Dissolved",3,51581,"C1",0.893596529960632,0.0240487605333328,0.0823547467589378
"386",1825,"As","Dissolved",5.9,258630,"C1",0.904370784759521,0.0606748461723328,0.034954309463501
"390",1646,"As","Dissolved",77,261461,"C2",0.158077970147133,0.479055911302567,0.362866133451462
"398",1865,"As","Dissolved",24.5,152934,"C3",0.126877442002296,0.163269624114037,0.709852993488312
"400",1268,"As","Dissolved",21,270313,"C1",0.698940098285675,0.0508795082569122,0.25018036365509
"402",1614,"As","Dissolved",0,246473,"C1",0.72439694404602,0.0376501493155956,0.237952888011932
"405",1588,"As","Dissolved",14.6,264861,"C3",0.39604052901268,0.122660003602505,0.481299430131912
"409",1754,"As","Dissolved",0,262205,"C1",0.572158753871918,0.370282858610153,0.0575584471225739
"412",1403,"As","Dissolved",1,247034,"C1",0.98732054233551,0.00654031289741397,0.00613919366151094
"413",1868,"As","Dissolved",10.3,152940,"C3",0.134741872549057,0.174413070082664,0.690845012664795
"416",1255,"As","Dissolved",0,270263,"C1",0.982214272022247,0.00887282099574804,0.00891290232539177
"417",1742,"As","Dissolved",3,257928,"C1",0.924972891807556,0.0476114228367805,0.0274157002568245
"418",358,"As","Dissolved",0,266554,"C1",0.93710732460022,0.0134847471490502,0.0494079329073429
"419",1421,"As","Dissolved",6.5,264455,"C3",0.0377247408032417,0.0270019322633743,0.935273349285126
"421",1481,"As","Dissolved",14.8,264682,"C1",0.692104637622833,0.0863172933459282,0.221578061580658
"422",1849,"As","Dissolved",4,150013,"C1",0.944613039493561,0.0155526697635651,0.0398342572152615
"424",1686,"As","Dissolved",2.8,265146,"C1",0.872373282909393,0.0758655816316605,0.0517611727118492
"425",1835,"As","Dissolved",2,253162,"C1",0.54834109544754,0.0471673645079136,0.404491513967514
"427",1346,"As","Dissolved",0,246911,"C1",0.947178840637207,0.0304834339767694,0.022337693721056
"430",1507,"As","Dissolved",1,246437,"C1",0.988956391811371,0.00509500224143267,0.00594865623861551
"443",1559,"As","Dissolved",0,246456,"C1",0.984464466571808,0.00670394999906421,0.00883156526833773
"448",1337,"As","Dissolved",29.4,259417,"C1",0.973423779010773,0.0125363618135452,0.0140398247167468
"451",481,"As","Dissolved",20,8167,"C1",0.82657915353775,0.13954022526741,0.0338806733489037
"454",614,"As","Dissolved",0,49660,"C1",0.982345402240753,0.00967402849346399,0.00798050314188004
"456",1486,"As","Dissolved",14,247153,"C1",0.986315786838531,0.00729553261771798,0.00638865679502487
"458",1166,"As","Dissolved",0,52093,"C1",0.949835300445557,0.0156741943210363,0.0344904735684395
"460",1940,"As","Dissolved",15.7,152760,"C3",0.340312838554382,0.157701894640923,0.501985251903534
"463",1954,"As","Dissolved",1.9,152832,"C1",0.946653783321381,0.0287058725953102,0.0246403012424707
"474",1459,"As","Dissolved",10.6,264612,"C3",0.11226899176836,0.3200364112854,0.567694544792175
"475",470,"As","Dissolved",0,48999,"C1",0.944457769393921,0.0400043725967407,0.0155378617346287
"479",1753,"As","Dissolved",0,262204,"C1",0.884897232055664,0.0692296847701073,0.0458731353282928
"483",2,"As","Dissolved",6,38036,"C1",0.966861367225647,0.0144626852124929,0.0186759792268276
"493",920,"As","Dissolved",2,268992,"C1",0.975848138332367,0.0116665307432413,0.0124853458255529
"496",379,"As","Dissolved",1.2,48252,"C1",0.960207045078278,0.0212082769721746,0.018584705889225
"502",1013,"As","Dissolved",4.8,51353,"C1",0.877028465270996,0.0222861915826797,0.100685328245163
"503",176,"As","Dissolved",1,271188,"C1",0.974149167537689,0.00954161025583744,0.0163091830909252
"505",323,"As","Dissolved",0.79,47117,"C1",0.964872717857361,0.0195948481559753,0.0155324684455991
"508",1938,"As","Dissolved",3.9,152754,"C1",0.926475048065186,0.0303101073950529,0.0432147979736328
"512",799,"As","Dissolved",0.23,266501,"C1",0.969697773456573,0.00887694209814072,0.0214252565056086
"518",1032,"As","Dissolved",6,269520,"C1",0.860183000564575,0.0439969636499882,0.095820002257824
"527",178,"As","Dissolved",10,43659,"C3",0.343144357204437,0.0841628313064575,0.572692811489105
"530",529,"As","Dissolved",5,49253,"C1",0.814485669136047,0.140360668301582,0.0451536141335964
"531",419,"As","Dissolved",7.2,8127,"C1",0.605873346328735,0.333941102027893,0.0601855665445328
"539",1836,"As","Dissolved",0,149987,"C1",0.968209207057953,0.0106776021420956,0.0211131628602743
"545",828,"As","Dissolved",6.3,50614,"C3",0.0917496830224991,0.325124025344849,0.583126306533813
"548",1336,"As","Dissolved",1,246341,"C1",0.93819785118103,0.0252420548349619,0.0365600697696209
"553",543,"As","Dissolved",6.6,154750,"C1",0.947447240352631,0.0272451993077993,0.0253075920045376
"567",1920,"As","Dissolved",0.71,262646,"C1",0.646112024784088,0.316938132047653,0.0369498580694199
"589",1400,"As","Dissolved",1,247030,"C1",0.987885475158691,0.00611706683412194,0.00599746778607368
"593",1502,"As","Dissolved",0,246433,"C1",0.988495826721191,0.00520406104624271,0.00630004703998566
"594",107,"As","Dissolved",2,7728,"C1",0.961856484413147,0.0180974714457989,0.0200460627675056
"600",1789,"As","Dissolved",6,258412,"C1",0.755087614059448,0.177108734846115,0.0678036287426949
"620",1282,"As","Dissolved",4,52434,"C1",0.978822529315948,0.00874398183077574,0.0124334534630179
"630",138,"As","Dissolved",19,7782,"C1",0.939258933067322,0.0178308021277189,0.0429102927446365
"638",622,"As","Dissolved",1,49686,"C1",0.964753270149231,0.0216756854206324,0.0135710425674915
"640",923,"As","Dissolved",4,51065,"C1",0.917900681495667,0.0205330569297075,0.0615662783384323
"665",1529,"As","Dissolved",0,247196,"C1",0.989237368106842,0.005494499579072,0.00526811880990863
"670",386,"As","Dissolved",3,48402,"C1",0.768369197845459,0.205450773239136,0.0261799991130829
"677",264,"As","Dissolved",0,45928,"C1",0.97728031873703,0.0122151775285602,0.010504518635571
"678",1585,"As","Dissolved",9.9,264850,"C3",0.37810206413269,0.114384479820728,0.507513463497162
"692",1998,"As","Dissolved",0,151251,"C1",0.918320119380951,0.0600958652794361,0.0215839799493551
"696",722,"As","Dissolved",2.5,8324,"C3",0.185101047158241,0.0694649294018745,0.745433986186981
"697",1398,"As","Dissolved",1,246395,"C1",0.944028913974762,0.0150587800890207,0.0409123115241528
"706",232,"As","Dissolved",0,271289,"C1",0.923412799835205,0.0182971563190222,0.0582899786531925
"709",912,"As","Dissolved",3,268974,"C1",0.976923763751984,0.00997603591531515,0.0131001407280564
"710",402,"As","Dissolved",4,48630,"C1",0.657321751117706,0.319664269685745,0.0230140015482903
"714",1735,"As","Dissolved",3.3,257638,"C1",0.921542227268219,0.036458145827055,0.0419996902346611
"719",1573,"As","Dissolved",18.1,264834,"C1",0.662401854991913,0.218221709132195,0.119376458227634
"726",1105,"As","Dissolved",6,269692,"C2",0.197982728481293,0.432046949863434,0.369970351457596
"735",1568,"As","Dissolved",0,247266,"C1",0.989301979541779,0.0058624935336411,0.00483550364151597
"748",211,"As","Dissolved",7,44335,"C1",0.47316837310791,0.38075864315033,0.146073013544083
"751",1217,"As","Dissolved",3,270052,"C1",0.965748012065887,0.0163946431130171,0.017857288941741
"753",188,"As","Dissolved",5,43870,"C1",0.823911488056183,0.0586733818054199,0.117415107786655
"758",1041,"As","Dissolved",0.8,51461,"C1",0.893530786037445,0.0363814122974873,0.070087842643261
"772",1196,"As","Dissolved",5.6,269985,"C1",0.904582977294922,0.079754188656807,0.0156628061085939
"774",455,"As","Dissolved",1.8,8158,"C1",0.969858944416046,0.0152635676786304,0.0148774608969688
"779",1162,"As","Dissolved",2,269820,"C1",0.950749278068542,0.0256527252495289,0.0235980749130249
"783",1748,"As","Dissolved",3.3,258072,"C3",0.189753904938698,0.310887843370438,0.499358236789703
"788",68,"As","Dissolved",0,41508,"C1",0.929423630237579,0.0310822930186987,0.0394940786063671
"793",1126,"As","Dissolved",2,269740,"C1",0.941962778568268,0.0135771976783872,0.0444600060582161
"796",768,"As","Dissolved",2.9,8344,"C1",0.91445255279541,0.0599519312381744,0.0255954805761576
"799",1581,"As","Dissolved",19.4,264848,"C1",0.43728756904602,0.128983229398727,0.433729261159897
"808",1641,"As","Dissolved",11.1,261451,"C2",0.255495399236679,0.494019031524658,0.250485628843307
"814",1467,"As","Dissolved",5.5,264635,"C1",0.416909396648407,0.285798490047455,0.297292143106461
"817",606,"As","Dissolved",8.1,154856,"C3",0.101662345230579,0.04867222905159,0.849665403366089
"819",538,"As","Dissolved",7,49273,"C2",0.113284908235073,0.84737366437912,0.0393414236605167
"820",1654,"As","Dissolved",0,247368,"C1",0.973192632198334,0.0104953004047275,0.016312051564455
"833",1602,"As","Dissolved",0,247307,"C1",0.987381994724274,0.00531903654336929,0.00729894172400236
"834",1427,"As","Dissolved",1,247064,"C1",0.98774129152298,0.00614823587238789,0.00611047213897109
"843",160,"As","Dissolved",7,43477,"C1",0.930486738681793,0.0301264021545649,0.0393868535757065
"861",1442,"As","Dissolved",8.9,264546,"C3",0.039908904582262,0.0717333555221558,0.888357758522034
"863",1469,"As","Dissolved",1,259522,"C1",0.978136599063873,0.011175480671227,0.0106879342347383
"868",1932,"As","Dissolved",39.7,152751,"C3",0.197610899806023,0.0401671156287193,0.762221992015839
"869",1943,"As","Dissolved",6.5,152765,"C3",0.302666455507278,0.118251472711563,0.579082071781158
"884",243,"As","Dissolved",1,271304,"C1",0.94552606344223,0.0224720519036055,0.0320018976926804
"892",1555,"As","Dissolved",0,247241,"C1",0.986348986625671,0.00592567771673203,0.00772540923207998
"901",1397,"As","Dissolved",1,247028,"C1",0.988041996955872,0.00603709556162357,0.00592088093981147
"915",1520,"As","Dissolved",8,247182,"C1",0.988319039344788,0.00641291216015816,0.00526802940294147
"917",432,"As","Dissolved",4,48891,"C2",0.22037361562252,0.755167424678802,0.0244589541107416
"929",295,"As","Dissolved",4,46606,"C1",0.807628333568573,0.166826188564301,0.025545496493578
"937",1122,"As","Dissolved",0.63,51876,"C1",0.71264386177063,0.0643201470375061,0.223035991191864
"941",90,"As","Dissolved",2,41936,"C1",0.935632705688477,0.028691565617919,0.0356757342815399
"952",1672,"As","Dissolved",0,247396,"C1",0.972829520702362,0.009505745023489,0.0176647137850523
"963",563,"As","Dissolved",0.8,154792,"C1",0.959341764450073,0.0175947248935699,0.0230634715408087
"968",932,"As","Dissolved",0,269026,"C1",0.968400657176971,0.0127684380859137,0.0188309513032436
"972",887,"As","Dissolved",8,50942,"C3",0.281772136688232,0.0326481088995934,0.685579776763916
"983",1815,"As","Dissolved",10.2,258531,"C1",0.730003297328949,0.196100935339928,0.073895774781704
"995",755,"As","Dissolved",4,50364,"C1",0.554753661155701,0.38482278585434,0.0604235418140888
"1004",477,"As","Dissolved",1,49060,"C1",0.92283833026886,0.0645024180412292,0.0126592814922333
"1012",779,"As","Dissolved",5,50445,"C1",0.724262058734894,0.206431105732918,0.0693068131804466
"1017",39,"As","Dissolved",3.4,39945,"C1",0.985307455062866,0.00694258650764823,0.00774998310953379
"1018",1800,"As","Dissolved",2.1,258484,"C1",0.860532999038696,0.0916549637913704,0.0478121042251587
"1021",1826,"As","Dissolved",6,255849,"C1",0.736078381538391,0.033090379089117,0.230831250548363
"1022",475,"As","Dissolved",16,49038,"C3",0.171188190579414,0.0322758555412292,0.796535968780518
"1033",1193,"As","Dissolved",0,269977,"C1",0.893044948577881,0.090020626783371,0.0169344451278448
"1035",56,"As","Dissolved",0,41127,"C1",0.927097916603088,0.0307930428534746,0.042109090834856
"1040",1377,"As","Dissolved",1,246388,"C1",0.953188180923462,0.0135430134832859,0.0332688391208649
"1044",871,"As","Dissolved",0,155554,"C3",0.437677383422852,0.0767725184559822,0.485550075769424
"1047",1181,"As","Dissolved",0,154236,"C1",0.851273119449615,0.055799774825573,0.092927061021328
"1050",1679,"As","Dissolved",2,261597,"C1",0.889200270175934,0.0537602826952934,0.0570394620299339
"1063",1450,"As","Dissolved",14.7,264570,"C2",0.054268404841423,0.745189368724823,0.200542211532593
"1064",169,"As","Dissolved",7,43548,"C1",0.43353334069252,0.329176366329193,0.237290322780609
"1066",479,"As","Dissolved",17,49078,"C1",0.836687982082367,0.132264286279678,0.0310477092862129
"1072",1419,"As","Dissolved",4,247050,"C1",0.988151729106903,0.00562581839039922,0.00622245483100414
"1076",208,"As","Dissolved",1,271234,"C1",0.86067259311676,0.0188305489718914,0.120496869087219
"1086",444,"As","Dissolved",1,48934,"C1",0.975655376911163,0.0116510028019547,0.0126935644075274
"1087",1033,"As","Dissolved",4,269521,"C1",0.949146687984467,0.0302171539515257,0.0206361617892981
"1089",1383,"As","Dissolved",11.5,264309,"C1",0.536870002746582,0.25690746307373,0.206222534179688
"1093",59,"As","Dissolved",11,41223,"C1",0.87540864944458,0.0244528278708458,0.100138530135155
"1101",344,"As","Dissolved",2,47752,"C2",0.411080002784729,0.437385231256485,0.151534795761108
"1108",1017,"As","Dissolved",5,269506,"C1",0.771493792533875,0.120489165186882,0.108017042279243
"1117",658,"As","Dissolved",2,49859,"C1",0.945295691490173,0.0383744426071644,0.0163298565894365
"1118",1553,"As","Dissolved",2,246453,"C1",0.988575160503387,0.00521195912733674,0.00621286779642105
"1121",1512,"As","Dissolved",1,246441,"C1",0.984355747699738,0.00684873014688492,0.00879546161741018
"1130",217,"As","Dissolved",0,44568,"C1",0.953216552734375,0.0261460449546576,0.0206374302506447
"1132",1521,"As","Dissolved",1,246443,"C1",0.97690212726593,0.00863676611334085,0.0144610898569226
"1134",7,"As","Dissolved",1,7275,"C1",0.98107373714447,0.0091631980612874,0.0097631448879838
"1137",1673,"As","Dissolved",0,247400,"C1",0.983262896537781,0.00623917207121849,0.0104978876188397
"1140",1939,"As","Dissolved",0,152759,"C3",0.221807569265366,0.0706647485494614,0.707527697086334
"1147",1670,"As","Dissolved",1,247392,"C1",0.969709098339081,0.0112102245911956,0.0190807189792395
"1155",594,"As","Dissolved",7.4,49554,"C1",0.983189702033997,0.00846770219504833,0.00834261905401945
"1159",1402,"As","Dissolved",12.8,264377,"C3",0.0583479218184948,0.047558318823576,0.894093692302704
"1165",1720,"As","Dissolved",3.9,257307,"C1",0.872873187065125,0.0626379922032356,0.0644888132810593
"1172",1389,"As","Dissolved",0,247009,"C1",0.976862788200378,0.0129432044923306,0.0101939579471946
"1174",1569,"As","Dissolved",0.1,264832,"C1",0.800161719322205,0.0938555523753166,0.105982713401318
"1182",1663,"As","Dissolved",0,247385,"C1",0.962681233882904,0.00947891362011433,0.027839832007885
"1196",1861,"As","Dissolved",51.7,152916,"C1",0.873993217945099,0.043148510158062,0.0828582122921944
"1204",1195,"As","Dissolved",0,269982,"C1",0.907140135765076,0.0772629603743553,0.0155968768522143
"1211",1590,"As","Dissolved",0,247292,"C1",0.977768242359161,0.00830015353858471,0.0139316143468022
"1224",1140,"As","Dissolved",3.1,51962,"C1",0.948255300521851,0.0246274210512638,0.0271172095090151
"1229",1194,"As","Dissolved",0,269976,"C1",0.906977832317352,0.0776956081390381,0.0153265986591578
"1233",1593,"As","Dissolved",0.17,246469,"C1",0.928062736988068,0.0166761819273233,0.0552610978484154
"1234",1330,"As","Dissolved",0,246892,"C1",0.98373943567276,0.00834742281585932,0.00791318155825138
"1235",308,"As","Dissolved",2,46845,"C1",0.899638772010803,0.0865849554538727,0.0137762520462275
"1238",63,"As","Dissolved",0,41379,"C1",0.937854766845703,0.0240447111427784,0.0381004996597767
"1243",608,"As","Dissolved",0,49636,"C1",0.982455968856812,0.00960006285458803,0.00794397480785847
"1249",532,"As","Dissolved",1,49260,"C1",0.948159158229828,0.0385264009237289,0.0133143905550241
"1250",1961,"As","Dissolved",2.2,152863,"C1",0.940694272518158,0.0331341288983822,0.0261716190725565
"1254",270,"As","Dissolved",10,271365,"C3",0.462521106004715,0.0298979766666889,0.507580935955048
"1257",1461,"As","Dissolved",1,247104,"C1",0.978529453277588,0.0119082182645798,0.00956233311444521
"1261",551,"As","Dissolved",7,49309,"C2",0.153537794947624,0.802154660224915,0.0443075336515903
"1273",1918,"As","Dissolved",0.46,262642,"C1",0.807237207889557,0.16072490811348,0.0320379175245762
"1277",1387,"As","Dissolved",1,259440,"C1",0.507129192352295,0.31768923997879,0.175181552767754
"1280",474,"As","Dissolved",10,49030,"C2",0.0739841386675835,0.898113310337067,0.0279025305062532
"1295",647,"As","Dissolved",8.1,155087,"C3",0.118474163115025,0.0239204876124859,0.857605278491974
"1306",334,"As","Dissolved",1.4,47240,"C1",0.974686503410339,0.0122635560110211,0.0130499741062522
"1309",1393,"As","Dissolved",0,247014,"C1",0.983946919441223,0.00923783518373966,0.00681520719081163
"1320",55,"As","Dissolved",35,41046,"C1",0.921006262302399,0.0239931456744671,0.0550005696713924
"1340",1522,"As","Dissolved",0,247188,"C1",0.987553834915161,0.00627674395218492,0.00616949237883091
"1343",1375,"As","Dissolved",0,246975,"C1",0.987537086009979,0.00665826676413417,0.0058047161437571
"1354",2000,"As","Dissolved",0,151366,"C1",0.887911438941956,0.0883697718381882,0.0237188078463078
"1357",1603,"As","Dissolved",0,247309,"C1",0.989052474498749,0.00503068184480071,0.00591679941862822
"1366",1347,"As","Dissolved",1,246355,"C1",0.975623190402985,0.00940462108701468,0.0149722350761294
"1374",1699,"As","Dissolved",0.33,257113,"C1",0.887421667575836,0.0743395462632179,0.038238812237978
"1379",773,"As","Dissolved",0,268575,"C1",0.976975977420807,0.00768626946955919,0.0153377596288919
"1382",1819,"As","Dissolved",1.5,258589,"C1",0.931654751300812,0.0376417562365532,0.0307034887373447
"1383",1458,"As","Dissolved",13.4,264611,"C3",0.12653823196888,0.326097905635834,0.547363877296448
"1387",1050,"As","Dissolved",1,269560,"C1",0.84093177318573,0.0840138122439384,0.0750543922185898
"1389",1401,"As","Dissolved",15.6,264373,"C3",0.319105505943298,0.118633382022381,0.56226110458374
"1392",702,"As","Dissolved",0.6,8302,"C1",0.924398124217987,0.0199979990720749,0.0556038878858089
"1393",1357,"As","Dissolved",0,246369,"C1",0.974728286266327,0.0104420147836208,0.0148296989500523
"1417",1841,"As","Dissolved",1,253206,"C1",0.925793051719666,0.0275437142699957,0.0466632060706615
"1425",771,"As","Dissolved",12,155349,"C1",0.551389455795288,0.0586763694882393,0.389934122562408
"1430",1719,"As","Dissolved",2.7,257300,"C1",0.771977424621582,0.0657383054494858,0.162284284830093
"1435",893,"As","Dissolved",8,50972,"C1",0.487396597862244,0.0402448624372482,0.472358614206314
"1437",141,"As","Dissolved",0.86,43338,"C1",0.605936944484711,0.0578679591417313,0.336195111274719
"1444",657,"As","Dissolved",2.1,49860,"C1",0.966171503067017,0.0133974058553576,0.0204311273992062
"1447",1684,"As","Dissolved",14,261649,"C2",0.0432712286710739,0.93405669927597,0.0226721353828907
"1451",1183,"As","Dissolved",2,269874,"C1",0.911163866519928,0.0181713681668043,0.0706648007035255
"1454",1525,"As","Dissolved",3.9,264756,"C1",0.692410349845886,0.140293151140213,0.167296558618546
"1464",745,"As","Dissolved",2,8337,"C1",0.83664083480835,0.1056317538023,0.0577274188399315
"1468",1199,"As","Dissolved",7,269973,"C1",0.928747594356537,0.0572753399610519,0.013977044261992
"1477",64,"As","Dissolved",8,7630,"C1",0.930295944213867,0.0232212897390127,0.0464828014373779
"1481",1202,"As","Dissolved",12,269998,"C1",0.929826378822327,0.0563108138740063,0.0138628240674734
"1483",1035,"As","Dissolved",6,269525,"C1",0.606822192668915,0.257168829441071,0.136008948087692
"1487",1872,"As","Dissolved",51,152948,"C1",0.519982039928436,0.102016359567642,0.378001570701599
"1510",1743,"As","Dissolved",3,255669,"C1",0.884569525718689,0.0419602245092392,0.0734702944755554
"1511",218,"As","Dissolved",0,271247,"C1",0.897578239440918,0.0178377442061901,0.084584042429924
"1536",536,"As","Dissolved",6,154739,"C1",0.94027429819107,0.0278413109481335,0.0318843647837639
"1541",2002,"As","Dissolved",2,151383,"C1",0.864351749420166,0.110227838158607,0.0254204608500004
"1542",1250,"As","Dissolved",1,270216,"C1",0.979115009307861,0.00909931026399136,0.0117856552824378
"1545",1127,"As","Dissolved",3.6,51905,"C1",0.969497621059418,0.0142235355451703,0.0162789225578308
"1550",256,"As","Dissolved",1,7962,"C1",0.897594273090363,0.0644319131970406,0.0379738323390484
"1559",423,"As","Dissolved",2,8132,"C1",0.865677416324615,0.0800332874059677,0.0542893335223198
"1578",284,"As","Dissolved",0.27,8001,"C1",0.973142743110657,0.0149688748642802,0.0118883531540632
"1579",1315,"As","Dissolved",33,52547,"C1",0.472232550382614,0.0663713440299034,0.461396098136902
"1580",1597,"As","Dissolved",1,247304,"C1",0.985348880290985,0.00766224786639214,0.00698882201686502
"1583",889,"As","Dissolved",5.8,50946,"C1",0.562977910041809,0.0394312851130962,0.397590786218643
"1592",1579,"As","Dissolved",27.2,264839,"C3",0.406373292207718,0.133727088570595,0.459899634122849
"1604",813,"As","Dissolved",1,268708,"C1",0.978106915950775,0.00742907589301467,0.0144639974460006
"1607",1589,"As","Dissolved",0,247293,"C1",0.989177703857422,0.0049176518805325,0.00590463634580374
"1617",1409,"As","Dissolved",6,264400,"C3",0.162670403718948,0.215728893876076,0.62160074710846
"1627",1392,"As","Dissolved",6.8,264340,"C1",0.558237373828888,0.112127080559731,0.32963553071022
"1633",1702,"As","Dissolved",0.88,257128,"C1",0.901776850223541,0.0674913376569748,0.0307317823171616
"1636",108,"As","Dissolved",3,42677,"C1",0.92348724603653,0.0506965704262257,0.0258162152022123
"1645",1985,"As","Dissolved",3,151052,"C1",0.981070399284363,0.0122096054255962,0.00672000832855701
"1652",1909,"As","Dissolved",0.73,152619,"C1",0.966916084289551,0.0117122875526547,0.0213715974241495
"1669",489,"As","Dissolved",14,49141,"C1",0.895853936672211,0.0181025713682175,0.086043506860733
"1677",1832,"As","Dissolved",12,258751,"C1",0.714954555034637,0.118358105421066,0.166687354445457
"1714",1065,"As","Dissolved",5,269629,"C1",0.934340834617615,0.0323487780988216,0.0333103872835636
"1717",1516,"As","Dissolved",1,247174,"C1",0.986099541187286,0.00797016452997923,0.00593021977692842
"1718",438,"As","Dissolved",7,8146,"C2",0.431430667638779,0.467510759830475,0.101058557629585
"1722",1364,"As","Dissolved",2,246378,"C1",0.970584452152252,0.00982739217579365,0.0195881724357605
"1730",667,"As","Dissolved",0.53,49910,"C1",0.892256736755371,0.0220160651952028,0.0857272073626518
"1742",535,"As","Dissolved",0,49270,"C1",0.968747794628143,0.0172697622328997,0.0139824524521828
"1749",1818,"As","Dissolved",1.2,255823,"C1",0.878834843635559,0.0466188937425613,0.0745462775230408
"1750",114,"As","Dissolved",5,7745,"C1",0.932990908622742,0.0237832181155682,0.0432258360087872
"1751",1715,"As","Dissolved",3,248708,"C1",0.942243158817291,0.0336781963706017,0.0240786671638489
"1764",1863,"As","Dissolved",10.3,152923,"C3",0.176089704036713,0.391641348600388,0.432268917560577
"1767",443,"As","Dissolved",4,48922,"C1",0.766462326049805,0.205224052071571,0.0283136256039143
"1773",442,"As","Dissolved",3,48918,"C1",0.779816567897797,0.193182244896889,0.027001179754734
"1781",1545,"As","Dissolved",1,247222,"C1",0.989521503448486,0.00476319529116154,0.00571533804759383
"1795",1949,"As","Dissolved",1,152790,"C1",0.882864654064178,0.087519645690918,0.0296156797558069
"1801",1552,"As","Dissolved",0,246452,"C1",0.988387286663055,0.00514903105795383,0.0064637204632163
"1805",575,"As","Dissolved",4,49441,"C1",0.9526007771492,0.0259577054530382,0.0214415099471807
"1807",1372,"As","Dissolved",0,246385,"C1",0.970178782939911,0.00982344429939985,0.0199977532029152
"1810",590,"As","Dissolved",1,49549,"C1",0.968569040298462,0.0202136225998402,0.0112173212692142
"1814",1332,"As","Dissolved",1,246337,"C1",0.948410034179688,0.0299124699085951,0.0216774865984917
"1820",910,"As","Dissolved",0,268968,"C1",0.961085081100464,0.0145095149055123,0.024405462667346
"1839",983,"As","Dissolved",0,269467,"C1",0.95167738199234,0.018902825191617,0.0294198356568813
"1845",428,"As","Dissolved",8,48886,"C2",0.232411175966263,0.742175042629242,0.0254137497395277
"1847",807,"As","Dissolved",0,50546,"C1",0.946064889431,0.0258364621549845,0.0280986502766609
"1856",1124,"As","Dissolved",11,269727,"C1",0.942956805229187,0.0119917411357164,0.0450514033436775
"1863",1691,"As","Dissolved",0.79,261719,"C1",0.935981631278992,0.0477591902017593,0.0162592381238937
"1866",1631,"As","Dissolved",0,247346,"C1",0.988134741783142,0.00552720529958606,0.00633803615346551
"1888",1501,"As","Dissolved",1,246432,"C1",0.989132702350616,0.00511443102732301,0.00575290620326996
"1891",1428,"As","Dissolved",0,247063,"C1",0.98749566078186,0.00626873830333352,0.00623562559485435
"1894",1667,"As","Dissolved",1,247389,"C1",0.979045391082764,0.0100182220339775,0.0109363822266459
"1896",275,"As","Dissolved",10,271370,"C3",0.462978273630142,0.043499544262886,0.493522137403488
"1903",595,"As","Dissolved",12.7,154837,"C1",0.51253604888916,0.21005092561245,0.277413010597229
"1911",1953,"As","Dissolved",0,152828,"C1",0.923202574253082,0.0513474382460117,0.0254499949514866
"1915",653,"As","Dissolved",17.6,155125,"C3",0.0682819485664368,0.0204549450427294,0.911263108253479
"1917",1842,"As","Dissolved",0,150006,"C1",0.955510795116425,0.0136086670681834,0.0308805853128433
"1918",2005,"As","Dissolved",0,151412,"C1",0.847496211528778,0.126288637518883,0.0262151900678873
"1921",253,"As","Dissolved",2.9,45679,"C1",0.587833762168884,0.333034813404083,0.0791313722729683
"1925",1453,"As","Dissolved",2,247096,"C1",0.985902905464172,0.00807144399732351,0.00602568592876196
"1928",621,"As","Dissolved",0,49683,"C1",0.937190532684326,0.0386437959969044,0.0241656675934792
"1930",309,"As","Dissolved",3,46860,"C1",0.819368898868561,0.155685588717461,0.0249455273151398
"1934",1338,"As","Dissolved",0,246897,"C1",0.961905002593994,0.0176645405590534,0.0204304326325655
"1935",1036,"As","Dissolved",1.8,51437,"C1",0.965977191925049,0.0161101389676332,0.0179126560688019
"1945",190,"As","Dissolved",17.5,43885,"C3",0.279743880033493,0.147682145237923,0.572573959827423
"1946",555,"As","Dissolved",0.4,154784,"C1",0.96822452545166,0.0136755900457501,0.0180999003350735
"1948",1560,"As","Dissolved",4,247246,"C1",0.987581133842468,0.00643251789733768,0.00598637294024229
"1957",770,"As","Dissolved",4.1,8347,"C1",0.91424298286438,0.0617120489478111,0.0240449421107769
"1966",1155,"As","Dissolved",4,269803,"C1",0.94276225566864,0.0148041462525725,0.0424335449934006
"1972",2007,"As","Dissolved",1,151444,"C1",0.936486601829529,0.0419169962406158,0.021596422418952
"1982",203,"As","Dissolved",9,44106,"C1",0.494961053133011,0.326124161481857,0.178914785385132
"1984",1432,"As","Dissolved",15.2,264493,"C3",0.0579504854977131,0.150841742753983,0.791207790374756
"1995",1831,"As","Dissolved",4,253137,"C3",0.417338281869888,0.043612964451313,0.539048731327057
"1999",530,"As","Dissolved",1,49256,"C1",0.968687832355499,0.0200088266283274,0.0113033326342702
"2003",1916,"As","Dissolved",2.7,152673,"C1",0.947928309440613,0.018779968842864,0.0332917682826519
"2005",1838,"As","Dissolved",1,149994,"C1",0.967063009738922,0.0110182100906968,0.0219187550246716
