"","Obsclass","PredClass","ProbNotexceed","ProbExceed","SiteID"
"18",0,"0",0.854,0.146,"18"
"81",0,"0",0.69,0.31,"81"
"84",0,"0",0.924,0.076,"84"
"88",0,"0",0.964,0.036,"88"
"96",1,"0",0.672,0.328,"96"
"100",0,"1",0.376,0.624,"100"
"108",1,"1",0.394,0.606,"108"
"110",0,"0",0.62,0.38,"110"
"115",0,"0",0.65,0.35,"115"
"157",0,"0",0.97,0.03,"157"
"174",0,"0",0.752,0.248,"174"
"227",0,"0",0.636,0.364,"227"
"228",0,"0",0.778,0.222,"228"
"232",0,"0",0.866,0.134,"232"
"277",0,"1",0.35,0.65,"277"
"278",1,"0",0.578,0.422,"278"
"285",1,"0",0.616,0.384,"285"
"287",0,"0",0.716,0.284,"287"
"289",0,"0",0.646,0.354,"289"
"297",1,"1",0.432,0.568,"297"
"299",0,"0",0.804,0.196,"299"
"302",1,"1",0.382,0.618,"302"
"307",1,"1",0.238,0.762,"307"
"310",1,"0",0.604,0.396,"310"
"315",0,"0",0.564,0.436,"315"
"318",0,"1",0.378,0.622,"318"
"319",0,"1",0.366,0.634,"319"
"324",1,"1",0.452,0.548,"324"
"325",1,"1",0.374,0.626,"325"
"343",1,"0",0.548,0.452,"343"
"346",1,"1",0.322,0.678,"346"
"348",1,"0",0.82,0.18,"348"
"350",0,"1",0.264,0.736,"350"
"357",0,"0",0.634,0.366,"357"
"358",1,"0",0.738,0.262,"358"
"359",0,"1",0.49,0.51,"359"
"361",1,"0",0.808,0.192,"361"
"363",1,"1",0.178,0.822,"363"
"365",1,"1",0.26,0.74,"365"
"366",0,"1",0.36,0.64,"366"
"368",1,"1",0.31,0.69,"368"
"372",1,"0",0.504,0.496,"372"
"373",1,"0",0.872,0.128,"373"
"375",1,"0",0.644,0.356,"375"
"380",1,"0",0.872,0.128,"380"
"392",1,"0",0.568,0.432,"392"
"398",1,"0",0.816,0.184,"398"
"400",1,"0",0.654,0.346,"400"
"402",0,"0",0.652,0.348,"402"
"405",0,"0",0.614,0.386,"405"
"410",0,"0",0.772,0.228,"410"
"411",0,"0",0.934,0.066,"411"
"414",1,"1",0.48,0.52,"414"
"419",1,"0",0.56,0.44,"419"
"420",0,"0",0.778,0.222,"420"
"422",1,"0",0.544,0.456,"422"
"426",0,"0",0.648,0.352,"426"
"434",1,"1",0.146,0.854,"434"
"439",1,"0",0.708,0.292,"439"
"441",1,"0",0.608,0.392,"441"
"447",1,"1",0.08,0.92,"447"
"449",1,"1",0.334,0.666,"449"
"459",1,"0",0.57,0.43,"459"
"463",1,"0",0.55,0.45,"463"
"464",1,"1",0.434,0.566,"464"
"469",1,"0",0.662,0.338,"469"
"472",1,"1",0.328,0.672,"472"
"473",1,"1",0.296,0.704,"473"
"475",0,"1",0.362,0.638,"475"
"476",1,"1",0.426,0.574,"476"
"478",0,"0",0.676,0.324,"478"
"485",0,"0",0.624,0.376,"485"
"486",0,"1",0.464,0.536,"486"
"496",1,"1",0.228,0.772,"496"
"497",1,"1",0.326,0.674,"497"
"524",0,"0",0.988,0.012,"524"
"542",0,"0",0.554,0.446,"542"
"546",0,"0",0.824,0.176,"546"
"552",1,"1",0.196,0.804,"552"
"553",0,"0",0.732,0.268,"553"
"557",1,"0",0.6,0.4,"557"
"567",1,"0",0.798,0.202,"567"
"569",0,"0",0.76,0.24,"569"
"587",0,"0",0.916,0.084,"587"
"594",0,"0",0.736,0.264,"594"
"595",0,"1",0.46,0.54,"595"
"597",0,"0",0.924,0.076,"597"
"600",0,"0",0.778,0.222,"600"
"601",0,"0",0.958,0.042,"601"
"603",1,"0",0.818,0.182,"603"
"605",1,"0",0.822,0.178,"605"
"610",0,"0",0.856,0.144,"610"
"611",0,"0",0.826,0.174,"611"
"615",0,"0",0.572,0.428,"615"
"624",1,"1",0.342,0.658,"624"
"625",1,"1",0.12,0.88,"625"
"629",0,"0",0.964,0.036,"629"
"634",0,"0",0.782,0.218,"634"
"640",0,"0",0.532,0.468,"640"
"645",1,"0",0.676,0.324,"645"
"649",0,"0",0.606,0.394,"649"
"654",1,"1",0.248,0.752,"654"
"659",0,"1",0.356,0.644,"659"
"661",0,"1",0.422,0.578,"661"
"664",0,"0",0.79,0.21,"664"
"671",0,"0",0.668,0.332,"671"
"679",0,"0",0.674,0.326,"679"
"682",1,"0",0.812,0.188,"682"
"683",0,"0",0.666,0.334,"683"
"687",0,"1",0.486,0.514,"687"
"1873",0,"0",0.508,0.492,"1873"
"1885",0,"1",0.404,0.596,"1885"
"1902",0,"0",0.652,0.348,"1902"
"1907",0,"0",0.586,0.414,"1907"
"1908",0,"0",0.626,0.374,"1908"
"1913",0,"1",0.428,0.572,"1913"
"1918",0,"0",0.616,0.384,"1918"
"1944",0,"0",0.526,0.474,"1944"
"1945",0,"0",0.664,0.336,"1945"
"1954",0,"0",0.686,0.314,"1954"
"1959",0,"0",0.706,0.294,"1959"
"2009",0,"0",0.784,0.216,"2009"
"2029",0,"0",0.51,0.49,"2029"
"2067",1,"1",0.43,0.57,"2067"
"2080",0,"0",0.726,0.274,"2080"
"2609",1,"0",0.914,0.086,"2609"
"2941",1,"0",0.528,0.472,"2941"
"3166",0,"0",0.992,0.008,"3166"
"3317",1,"1",0.064,0.936,"3317"
"6870",0,"0",0.764,0.236,"6870"
"6872",0,"0",0.85,0.15,"6872"
"6875",0,"0",0.914,0.086,"6875"
"6878",0,"0",0.826,0.174,"6878"
"6889",0,"0",0.816,0.184,"6889"
"6897",1,"0",0.91,0.09,"6897"
"7190",0,"0",0.896,0.104,"7190"
"7206",0,"0",0.616,0.384,"7206"
"7229",0,"0",0.998,0.002,"7229"
"7250",0,"0",0.706,0.294,"7250"
"7430",0,"0",0.98,0.02,"7430"
"12287",0,"0",0.714,0.286,"12287"
"12546",0,"0",0.924,0.076,"12546"
"12605",0,"0",0.988,0.012,"12605"
"12613",0,"0",0.99,0.01,"12613"
"12620",0,"0",0.978,0.022,"12620"
"12631",1,"0",0.598,0.402,"12631"
"12639",0,"0",0.982,0.018,"12639"
"12652",0,"0",0.952,0.048,"12652"
"12666",0,"0",0.97,0.03,"12666"
"12689",0,"0",0.866,0.134,"12689"
"19448",0,"0",0.886,0.114,"19448"
"19825",1,"1",0.43,0.57,"19825"
"19979",1,"1",0.336,0.664,"19979"
"20039",1,"1",0.258,0.742,"20039"
"34840",0,"0",0.75,0.25,"34840"
"34883",0,"0",0.876,0.124,"34883"
"34968",1,"0",0.688,0.312,"34968"
"34993",0,"0",0.78,0.22,"34993"
"35109",0,"0",0.838,0.162,"35109"
"35137",0,"0",0.944,0.056,"35137"
"35156",0,"0",0.916,0.084,"35156"
"35158",0,"0",0.976,0.024,"35158"
"35163",0,"0",0.932,0.068,"35163"
"35202",0,"0",0.936,0.064,"35202"
"35222",0,"0",0.928,0.072,"35222"
"40543",0,"0",0.936,0.064,"40543"
"41604",0,"0",0.596,0.404,"41604"
"41663",0,"0",0.894,0.106,"41663"
"41668",0,"0",0.968,0.032,"41668"
"41686",0,"0",0.972,0.028,"41686"
"41687",0,"1",0.362,0.638,"41687"
"42723",0,"0",0.972,0.028,"42723"
"42724",0,"0",0.884,0.116,"42724"
"42818",0,"0",0.99,0.01,"42818"
"43890",1,"0",0.782,0.218,"43890"
"43892",0,"0",0.882,0.118,"43892"
"43925",0,"0",0.916,0.084,"43925"
"44063",1,"0",0.628,0.372,"44063"
"44114",0,"0",0.984,0.016,"44114"
"44203",0,"0",0.994,0.006,"44203"
"44224",0,"0",0.962,0.038,"44224"
"44226",0,"0",0.994,0.006,"44226"
"51563",0,"0",0.832,0.168,"51563"
"51658",0,"0",0.758,0.242,"51658"
"51683",1,"0",0.786,0.214,"51683"
"51709",0,"0",0.752,0.248,"51709"
"51754",1,"0",0.872,0.128,"51754"
"51795",0,"0",0.866,0.134,"51795"
"51830",0,"0",0.93,0.07,"51830"
"51832",0,"1",0.466,0.534,"51832"
"51846",1,"0",0.83,0.17,"51846"
"51865",0,"0",0.866,0.134,"51865"
"51916",0,"0",0.876,0.124,"51916"
"51917",0,"0",0.93,0.07,"51917"
"51967",1,"1",0.334,0.666,"51967"
"51977",0,"0",0.76,0.24,"51977"
"51989",1,"1",0.448,0.552,"51989"
"52028",0,"1",0.438,0.562,"52028"
"52038",1,"1",0.294,0.706,"52038"
"52043",1,"1",0.122,0.878,"52043"
"52050",0,"0",0.64,0.36,"52050"
"52051",0,"0",0.616,0.384,"52051"
"52060",0,"0",0.586,0.414,"52060"
"52077",0,"1",0.466,0.534,"52077"
"52102",1,"1",0.498,0.502,"52102"
"52131",0,"1",0.352,0.648,"52131"
"52139",0,"1",0.412,0.588,"52139"
"52145",0,"0",0.566,0.434,"52145"
"52161",0,"1",0.48,0.52,"52161"
"52163",1,"1",0.082,0.918,"52163"
"52166",0,"0",0.53,0.47,"52166"
"52228",0,"0",0.728,0.272,"52228"
"52315",0,"0",0.618,0.382,"52315"
"52364",0,"1",0.462,0.538,"52364"
"52419",0,"0",0.65,0.35,"52419"
"52565",0,"0",0.568,0.432,"52565"
"52665",0,"0",0.704,0.296,"52665"
"52669",1,"0",0.578,0.422,"52669"
"52757",0,"1",0.38,0.62,"52757"
"52774",1,"0",0.566,0.434,"52774"
"59242",1,"0",0.518,0.482,"59242"
"59246",0,"0",0.734,0.266,"59246"
"59257",0,"0",0.896,0.104,"59257"
"66249",0,"0",0.874,0.126,"66249"
"66424",1,"0",0.776,0.224,"66424"
"66533",1,"0",0.902,0.098,"66533"
"66615",0,"0",0.956,0.044,"66615"
"66644",0,"0",0.81,0.19,"66644"
"66854",0,"0",0.756,0.244,"66854"
"66921",1,"1",0.21,0.79,"66921"
"66947",0,"1",0.228,0.772,"66947"
"67122",0,"1",0.432,0.568,"67122"
"67327",1,"0",0.678,0.322,"67327"
"67383",0,"0",0.778,0.222,"67383"
"67398",0,"1",0.436,0.564,"67398"
"67495",0,"0",0.572,0.428,"67495"
"67522",0,"0",0.744,0.256,"67522"
"67536",1,"1",0.338,0.662,"67536"
"72620",0,"0",0.94,0.06,"72620"
"74941",0,"0",0.798,0.202,"74941"
"74997",0,"0",0.806,0.194,"74997"
"75151",0,"0",0.89,0.11,"75151"
"75187",0,"0",0.724,0.276,"75187"
"75340",0,"0",0.93,0.07,"75340"
"76324",0,"1",0.302,0.698,"76324"
"76411",0,"0",0.54,0.46,"76411"
"76432",1,"1",0.378,0.622,"76432"
"76511",0,"1",0.3,0.7,"76511"
"76551",1,"1",0.402,0.598,"76551"
"76676",0,"0",0.788,0.212,"76676"
"76804",1,"0",0.542,0.458,"76804"
"77244",0,"0",0.948,0.052,"77244"
"77274",1,"0",0.81,0.19,"77274"
"77300",0,"0",0.91,0.09,"77300"
"77544",0,"0",0.958,0.042,"77544"
"77551",0,"0",0.892,0.108,"77551"
"78245",0,"0",0.748,0.252,"78245"
"78608",1,"0",0.852,0.148,"78608"
"79875",0,"0",0.834,0.166,"79875"
"79892",0,"0",0.864,0.136,"79892"
"80004",1,"0",0.594,0.406,"80004"
"80352",0,"1",0.358,0.642,"80352"
"80533",0,"0",0.52,0.48,"80533"
"80587",0,"0",0.868,0.132,"80587"
"80625",0,"0",0.882,0.118,"80625"
"81969",0,"0",0.906,0.094,"81969"
"81970",0,"0",0.892,0.108,"81970"
"82000",1,"0",0.902,0.098,"82000"
"82086",0,"0",0.94,0.06,"82086"
"82265",1,"1",0.33,0.67,"82265"
"82479",0,"0",0.85,0.15,"82479"
"82640",0,"0",0.678,0.322,"82640"
"83125",1,"0",0.68,0.32,"83125"
"83264",0,"1",0.436,0.564,"83264"
"83326",0,"0",0.746,0.254,"83326"
"83593",1,"1",0.404,0.596,"83593"
"84280",0,"0",0.924,0.076,"84280"
"84306",1,"0",0.512,0.488,"84306"
"84319",0,"0",0.876,0.124,"84319"
"84357",0,"0",0.698,0.302,"84357"
"84404",1,"1",0.154,0.846,"84404"
"84501",1,"1",0.346,0.654,"84501"
"84504",0,"0",0.96,0.04,"84504"
"84649",1,"1",0.33,0.67,"84649"
"84667",1,"0",0.842,0.158,"84667"
"84679",0,"0",0.828,0.172,"84679"
"84707",0,"0",0.936,0.064,"84707"
"84894",0,"0",0.506,0.494,"84894"
"84899",0,"0",0.65,0.35,"84899"
"84910",0,"0",0.526,0.474,"84910"
"84917",1,"0",0.514,0.486,"84917"
"85354",0,"0",0.642,0.358,"85354"
"85379",1,"0",0.512,0.488,"85379"
"85396",0,"0",0.666,0.334,"85396"
"85408",0,"0",0.646,0.354,"85408"
"85541",0,"0",0.908,0.092,"85541"
"86739",0,"0",0.918,0.082,"86739"
"86745",1,"1",0.236,0.764,"86745"
"86768",1,"0",0.648,0.352,"86768"
"86778",1,"1",0.448,0.552,"86778"
"86781",0,"0",0.576,0.424,"86781"
"86880",0,"0",0.748,0.252,"86880"
"86959",0,"0",0.704,0.296,"86959"
"87019",0,"0",0.684,0.316,"87019"
"87115",0,"0",0.68,0.32,"87115"
"87123",0,"0",0.668,0.332,"87123"
"87126",0,"0",0.712,0.288,"87126"
"87154",1,"1",0.466,0.534,"87154"
"87229",0,"0",0.728,0.272,"87229"
"87236",0,"1",0.448,0.552,"87236"
"87288",1,"1",0.274,0.726,"87288"
"87302",0,"0",0.832,0.168,"87302"
"87321",0,"1",0.426,0.574,"87321"
"87370",1,"1",0.284,0.716,"87370"
"87444",0,"1",0.47,0.53,"87444"
"87463",0,"0",0.832,0.168,"87463"
"87475",1,"1",0.41,0.59,"87475"
"87493",1,"1",0.136,0.864,"87493"
"87572",1,"1",0.05,0.95,"87572"
"87586",1,"1",0.172,0.828,"87586"
"87603",1,"1",0.078,0.922,"87603"
"87666",1,"1",0.158,0.842,"87666"
"87963",0,"0",0.54,0.46,"87963"
"87989",1,"1",0.152,0.848,"87989"
"88320",0,"0",0.608,0.392,"88320"
"88435",0,"0",0.612,0.388,"88435"
"88455",0,"0",0.534,0.466,"88455"
"88666",1,"1",0.054,0.946,"88666"
"88676",0,"0",0.79,0.21,"88676"
"88697",1,"1",0.114,0.886,"88697"
"88706",0,"0",0.616,0.384,"88706"
"88734",1,"0",0.582,0.418,"88734"
"88736",0,"1",0.264,0.736,"88736"
"88792",0,"0",0.742,0.258,"88792"
"89666",0,"1",0.422,0.578,"89666"
"89700",0,"0",0.63,0.37,"89700"
"93995",0,"0",0.698,0.302,"93995"
"94047",1,"1",0.048,0.952,"94047"
"94058",1,"1",0.146,0.854,"94058"
"94079",1,"1",0.334,0.666,"94079"
"94084",1,"1",0.324,0.676,"94084"
"94117",0,"0",0.632,0.368,"94117"
"94176",0,"0",0.644,0.356,"94176"
"94203",0,"0",0.778,0.222,"94203"
"94500",0,"1",0.384,0.616,"94500"
"94612",1,"0",0.91,0.09,"94612"
"94808",0,"0",0.546,0.454,"94808"
"95025",0,"0",0.588,0.412,"95025"
"95026",0,"0",0.572,0.428,"95026"
"95044",0,"0",0.85,0.15,"95044"
"97001",1,"0",0.876,0.124,"97001"
"97155",0,"0",0.612,0.388,"97155"
"97245",0,"0",0.79,0.21,"97245"
"97557",0,"0",0.618,0.382,"97557"
"97957",0,"0",0.906,0.094,"97957"
"103492",0,"0",0.7,0.3,"103492"
"103526",0,"0",0.514,0.486,"103526"
"103536",0,"1",0.356,0.644,"103536"
"103556",1,"0",0.768,0.232,"103556"
"103557",0,"0",0.702,0.298,"103557"
"103559",0,"0",0.584,0.416,"103559"
"103581",0,"1",0.454,0.546,"103581"
"103590",0,"0",0.512,0.488,"103590"
"103593",1,"1",0.39,0.61,"103593"
"103615",1,"1",0.33,0.67,"103615"
"103624",0,"0",0.762,0.238,"103624"
"104134",0,"1",0.386,0.614,"104134"
"104334",1,"0",0.838,0.162,"104334"
"105190",0,"0",0.986,0.014,"105190"
"105197",0,"0",0.954,0.046,"105197"
"105203",0,"0",0.798,0.202,"105203"
"106121",1,"0",0.52,0.48,"106121"
"106172",0,"1",0.338,0.662,"106172"
"106217",0,"1",0.304,0.696,"106217"
"106995",1,"1",0.074,0.926,"106995"
"107056",0,"0",0.828,0.172,"107056"
"107185",0,"0",0.902,0.098,"107185"
"107266",1,"0",0.512,0.488,"107266"
"107315",0,"0",0.622,0.378,"107315"
"107421",1,"1",0.238,0.762,"107421"
"107565",0,"0",0.834,0.166,"107565"
"107811",0,"0",0.906,0.094,"107811"
"107869",0,"0",0.918,0.082,"107869"
"107892",0,"0",0.768,0.232,"107892"
"107918",0,"0",0.898,0.102,"107918"
"108085",1,"0",0.928,0.072,"108085"
"108109",1,"0",0.818,0.182,"108109"
"108404",0,"0",0.964,0.036,"108404"
"108488",0,"0",0.98,0.02,"108488"
"109654",0,"0",0.978,0.022,"109654"
"109693",0,"0",0.98,0.02,"109693"
"110053",0,"0",0.866,0.134,"110053"
"110757",1,"0",0.84,0.16,"110757"
"110761",1,"0",0.558,0.442,"110761"
"110847",0,"0",0.712,0.288,"110847"
"110874",1,"1",0.13,0.87,"110874"
"110961",1,"1",0.14,0.86,"110961"
"110985",0,"1",0.412,0.588,"110985"
"111006",1,"1",0.152,0.848,"111006"
"111166",0,"0",0.576,0.424,"111166"
"111282",0,"1",0.342,0.658,"111282"
"111331",1,"1",0.35,0.65,"111331"
"111420",0,"0",0.574,0.426,"111420"
"112253",0,"1",0.488,0.512,"112253"
"112303",1,"1",0.402,0.598,"112303"
"112342",1,"0",0.708,0.292,"112342"
"112372",1,"1",0.376,0.624,"112372"
"112425",1,"0",0.572,0.428,"112425"
"112434",1,"0",0.788,0.212,"112434"
"112438",1,"0",0.746,0.254,"112438"
"112504",1,"0",0.748,0.252,"112504"
"112559",0,"0",0.622,0.378,"112559"
"115223",0,"0",0.744,0.256,"115223"
"115244",0,"0",0.822,0.178,"115244"
"115261",0,"0",0.63,0.37,"115261"
"115454",0,"0",0.998,0.002,"115454"
"116013",0,"0",0.976,0.024,"116013"
"117047",1,"1",0.414,0.586,"117047"
"117113",0,"0",0.964,0.036,"117113"
"117311",0,"0",0.992,0.008,"117311"
"117320",0,"0",0.996,0.004,"117320"
"117321",0,"0",0.992,0.008,"117321"
"117331",0,"0",0.96,0.04,"117331"
"117639",1,"1",0.338,0.662,"117639"
"118050",0,"0",0.964,0.036,"118050"
"118133",0,"0",0.984,0.016,"118133"
"118136",1,"0",0.718,0.282,"118136"
"118150",0,"0",0.654,0.346,"118150"
"118172",0,"0",0.962,0.038,"118172"
"118219",0,"0",0.892,0.108,"118219"
"118223",0,"0",0.854,0.146,"118223"
"118227",0,"0",0.968,0.032,"118227"
"118228",0,"0",0.962,0.038,"118228"
"118231",0,"0",0.924,0.076,"118231"
"118271",0,"0",0.826,0.174,"118271"
"118304",0,"1",0.492,0.508,"118304"
"118305",0,"1",0.46,0.54,"118305"
"118320",0,"0",0.542,0.458,"118320"
"118396",0,"0",0.648,0.352,"118396"
"118415",0,"0",0.802,0.198,"118415"
"118432",0,"0",0.826,0.174,"118432"
"118600",1,"1",0.076,0.924,"118600"
"118755",0,"0",0.802,0.198,"118755"
"118898",0,"0",0.554,0.446,"118898"
"118903",0,"0",0.884,0.116,"118903"
"118949",0,"1",0.444,0.556,"118949"
"119578",0,"0",0.906,0.094,"119578"
"119581",0,"0",0.948,0.052,"119581"
"119582",0,"0",0.98,0.02,"119582"
"119589",0,"0",0.836,0.164,"119589"
"119591",1,"0",0.972,0.028,"119591"
"119600",0,"0",0.984,0.016,"119600"
"119730",0,"0",0.84,0.16,"119730"
"119803",0,"0",0.984,0.016,"119803"
"119834",0,"0",0.948,0.052,"119834"
"119853",0,"0",0.936,0.064,"119853"
"119894",0,"0",0.85,0.15,"119894"
"119916",0,"0",0.842,0.158,"119916"
"119979",1,"0",0.562,0.438,"119979"
"120062",0,"0",0.632,0.368,"120062"
"120140",1,"1",0.186,0.814,"120140"
"120319",0,"0",0.868,0.132,"120319"
"120818",0,"0",0.974,0.026,"120818"
"121700",0,"1",0.498,0.502,"121700"
"121794",0,"0",0.69,0.31,"121794"
"121811",0,"0",0.85,0.15,"121811"
"121831",1,"0",0.808,0.192,"121831"
"121835",0,"0",0.854,0.146,"121835"
"121937",1,"1",0.43,0.57,"121937"
"122081",1,"1",0.34,0.66,"122081"
"122114",1,"1",0.33,0.67,"122114"
"122120",1,"1",0.264,0.736,"122120"
"122235",1,"1",0.402,0.598,"122235"
"122240",1,"1",0.442,0.558,"122240"
"122268",0,"1",0.194,0.806,"122268"
"122358",0,"1",0.14,0.86,"122358"
"122402",0,"1",0.35,0.65,"122402"
"122448",1,"0",0.644,0.356,"122448"
"122462",0,"0",0.89,0.11,"122462"
"122503",1,"1",0.128,0.872,"122503"
"122573",0,"1",0.296,0.704,"122573"
"122587",1,"1",0.318,0.682,"122587"
"122673",0,"0",0.562,0.438,"122673"
"122690",1,"1",0.416,0.584,"122690"
"122692",0,"0",0.816,0.184,"122692"
"122706",0,"0",0.844,0.156,"122706"
"129738",1,"0",0.582,0.418,"129738"
"151053",0,"0",0.582,0.418,"151053"
"151345",0,"0",0.948,0.052,"151345"
"151357",0,"0",0.626,0.374,"151357"
"151421",0,"0",0.992,0.008,"151421"
"151519",1,"0",0.526,0.474,"151519"
"151540",0,"0",0.946,0.054,"151540"
"151563",0,"0",0.998,0.002,"151563"
"151579",0,"0",0.992,0.008,"151579"
"151595",0,"0",0.98,0.02,"151595"
"151669",1,"1",0.488,0.512,"151669"
"151684",0,"0",0.872,0.128,"151684"
"151716",0,"0",0.92,0.08,"151716"
"151758",0,"0",0.922,0.078,"151758"
"151768",0,"0",0.638,0.362,"151768"
"151854",0,"0",0.604,0.396,"151854"
"151888",0,"0",0.924,0.076,"151888"
"151894",0,"0",0.742,0.258,"151894"
"151920",0,"0",0.938,0.062,"151920"
"151941",0,"0",0.874,0.126,"151941"
"159648",0,"0",0.808,0.192,"159648"
"159653",0,"0",0.8,0.2,"159653"
"159666",1,"0",0.788,0.212,"159666"
"159934",0,"0",0.782,0.218,"159934"
"160138",0,"0",0.536,0.464,"160138"
"160381",1,"0",0.69,0.31,"160381"
"160516",1,"1",0.258,0.742,"160516"
"178985",0,"0",0.946,0.054,"178985"
"179000",0,"0",0.856,0.144,"179000"
"179426",0,"0",0.842,0.158,"179426"
"179578",0,"0",0.924,0.076,"179578"
"179628",0,"0",0.732,0.268,"179628"
"179637",1,"0",0.738,0.262,"179637"
"179658",0,"0",0.616,0.384,"179658"
"179706",0,"0",0.906,0.094,"179706"
"179952",1,"0",0.838,0.162,"179952"
"179953",0,"0",0.778,0.222,"179953"
"179994",0,"0",0.79,0.21,"179994"
"180320",0,"0",0.936,0.064,"180320"
"180378",1,"0",0.556,0.444,"180378"
"180385",1,"0",0.72,0.28,"180385"
"180389",0,"0",0.782,0.218,"180389"
"180390",0,"0",0.856,0.144,"180390"
"180404",0,"0",0.628,0.372,"180404"
"180411",0,"0",0.728,0.272,"180411"
"180420",0,"0",0.87,0.13,"180420"
"180436",0,"0",0.93,0.07,"180436"
"180439",0,"0",0.654,0.346,"180439"
"180464",1,"1",0.37,0.63,"180464"
"180476",1,"0",0.786,0.214,"180476"
"180566",1,"0",0.604,0.396,"180566"
"180577",0,"0",0.804,0.196,"180577"
"180603",0,"0",0.836,0.164,"180603"
"180651",0,"0",0.996,0.004,"180651"
"180706",0,"0",0.946,0.054,"180706"
"180708",0,"0",0.966,0.034,"180708"
"180726",0,"0",0.778,0.222,"180726"
"180751",0,"0",0.982,0.018,"180751"
"180784",1,"0",0.792,0.208,"180784"
"180795",0,"0",0.688,0.312,"180795"
"180807",0,"0",1,0,"180807"
"180811",0,"0",0.97,0.03,"180811"
"180871",0,"1",0.206,0.794,"180871"
"180894",0,"1",0.44,0.56,"180894"
"184121",0,"0",0.822,0.178,"184121"
"184123",0,"0",0.808,0.192,"184123"
"184324",1,"0",0.868,0.132,"184324"
"184377",0,"0",0.804,0.196,"184377"
"185092",0,"0",0.734,0.266,"185092"
"224368",1,"0",0.568,0.432,"224368"
"224395",0,"0",0.786,0.214,"224395"
"224444",1,"1",0.204,0.796,"224444"
"224474",1,"1",0.124,0.876,"224474"
"224495",0,"0",0.612,0.388,"224495"
"224501",0,"0",0.66,0.34,"224501"
"224517",0,"1",0.448,0.552,"224517"
"224528",0,"1",0.464,0.536,"224528"
"224529",0,"0",0.622,0.378,"224529"
"224538",0,"0",0.804,0.196,"224538"
"224587",1,"1",0.078,0.922,"224587"
"224599",1,"1",0.376,0.624,"224599"
"224620",1,"1",0.492,0.508,"224620"
"224670",1,"0",0.824,0.176,"224670"
"225068",0,"0",0.964,0.036,"225068"
"225086",0,"0",0.534,0.466,"225086"
"225995",1,"0",0.62,0.38,"225995"
"226172",0,"0",0.936,0.064,"226172"
"226214",0,"0",0.66,0.34,"226214"
"226759",1,"0",0.712,0.288,"226759"
"226976",1,"0",0.934,0.066,"226976"
"227662",1,"0",0.956,0.044,"227662"
"228385",0,"0",0.894,0.106,"228385"
"228543",0,"0",0.54,0.46,"228543"
"228667",0,"0",0.91,0.09,"228667"
"228720",0,"0",0.856,0.144,"228720"
"228761",1,"1",0.472,0.528,"228761"
"228793",0,"1",0.48,0.52,"228793"
"228855",0,"1",0.44,0.56,"228855"
"228864",1,"1",0.246,0.754,"228864"
"228865",1,"1",0.224,0.776,"228865"
"228882",1,"1",0.128,0.872,"228882"
"228925",1,"1",0.124,0.876,"228925"
"228973",0,"0",0.726,0.274,"228973"
"229069",0,"0",0.644,0.356,"229069"
"229094",1,"0",0.898,0.102,"229094"
"229113",0,"0",0.83,0.17,"229113"
"229114",0,"0",0.682,0.318,"229114"
"229127",0,"0",0.966,0.034,"229127"
"229135",0,"0",0.882,0.118,"229135"
"229152",0,"1",0.498,0.502,"229152"
"229251",0,"0",0.95,0.05,"229251"
"229495",0,"0",0.984,0.016,"229495"
"229516",1,"1",0.34,0.66,"229516"
"234107",0,"0",0.784,0.216,"234107"
"234128",0,"0",0.966,0.034,"234128"
"234367",1,"0",0.888,0.112,"234367"
"234517",0,"0",0.776,0.224,"234517"
"235095",1,"1",0.39,0.61,"235095"
"235152",0,"1",0.436,0.564,"235152"
"235154",0,"0",0.622,0.378,"235154"
"235158",0,"0",0.662,0.338,"235158"
"235168",0,"0",0.694,0.306,"235168"
"235220",1,"1",0.472,0.528,"235220"
"235252",1,"1",0.274,0.726,"235252"
"235253",1,"1",0.424,0.576,"235253"
"235329",0,"0",0.866,0.134,"235329"
"235335",0,"0",0.796,0.204,"235335"
"235376",0,"0",0.684,0.316,"235376"
"235399",1,"0",0.574,0.426,"235399"
"235413",0,"0",0.906,0.094,"235413"
"235419",0,"0",0.912,0.088,"235419"
"264061",0,"0",0.72,0.28,"264061"
"264076",0,"0",0.59,0.41,"264076"
"264108",1,"1",0.074,0.926,"264108"
"264200",1,"1",0.322,0.678,"264200"
"264202",1,"1",0.194,0.806,"264202"
"264291",1,"1",0.148,0.852,"264291"
"264567",1,"1",0.432,0.568,"264567"
"264694",1,"1",0.192,0.808,"264694"
"264979",0,"0",0.81,0.19,"264979"
"265034",0,"0",0.628,0.372,"265034"
"265064",1,"1",0.288,0.712,"265064"
"265078",0,"0",0.668,0.332,"265078"
"265089",0,"0",0.752,0.248,"265089"
"265091",1,"0",0.708,0.292,"265091"
"265107",0,"0",0.806,0.194,"265107"
"265169",0,"1",0.452,0.548,"265169"
"265205",1,"1",0.368,0.632,"265205"
"265210",1,"1",0.068,0.932,"265210"
"265421",1,"1",0.406,0.594,"265421"
"265493",1,"1",0.002,0.998,"265493"
"265532",1,"1",0.002,0.998,"265532"
"265758",1,"1",0,1,"265758"
"265769",1,"1",0.082,0.918,"265769"
"265785",0,"0",0.794,0.206,"265785"
"265844",1,"1",0,1,"265844"
"265900",0,"0",0.71,0.29,"265900"
"265972",0,"0",0.872,0.128,"265972"
"265995",1,"1",0.012,0.988,"265995"
"266035",0,"0",0.784,0.216,"266035"
"266203",1,"1",0.164,0.836,"266203"
"266216",1,"1",0.01,0.99,"266216"
"266236",0,"0",0.802,0.198,"266236"
"266263",1,"0",0.6,0.4,"266263"
"266287",1,"1",0.04,0.96,"266287"
"266296",0,"0",0.562,0.438,"266296"
"266498",1,"1",0.116,0.884,"266498"
"266520",1,"1",0.074,0.926,"266520"
"266547",1,"1",0.086,0.914,"266547"
"266772",1,"1",0.19,0.81,"266772"
"267160",1,"1",0.05,0.95,"267160"
"267234",1,"1",0.108,0.892,"267234"
"267323",1,"1",0.132,0.868,"267323"
"267370",1,"1",0.178,0.822,"267370"
"267372",1,"1",0.146,0.854,"267372"
"267419",1,"1",0.098,0.902,"267419"
"267470",1,"1",0.164,0.836,"267470"
"267501",1,"1",0.414,0.586,"267501"
"267517",1,"0",0.5,0.5,"267517"
"267680",1,"0",0.858,0.142,"267680"
